<keymap version="1" name="Default copy" parent="$default">
  <action id="ActivateAndroidMonitorToolWindow">
    <keyboard-shortcut first-keystroke="alt 6" />
  </action>
  <action id="ActivateFavoritesToolWindow" />
  <action id="ActivateStructureToolWindow">
    <keyboard-shortcut first-keystroke="alt 7" />
    <keyboard-shortcut first-keystroke="alt 2" />
  </action>
  <action id="ActivateTODOToolWindow" />
  <action id="CheckinProject" />
  <action id="ChooseNextSubsequentPropertyValueEditorAction">
    <keyboard-shortcut first-keystroke="alt down" />
  </action>
  <action id="CloseActiveTab" />
  <action id="CloseContent">
    <keyboard-shortcut first-keystroke="ctrl w" />
  </action>
  <action id="Debugger.SwitchToTheNextContext">
    <keyboard-shortcut first-keystroke="alt b" />
  </action>
  <action id="EditorContextInfo" />
  <action id="EditorDown">
    <keyboard-shortcut first-keystroke="down" />
    <keyboard-shortcut first-keystroke="ctrl j" />
  </action>
  <action id="EditorNextWord">
    <keyboard-shortcut first-keystroke="alt w" />
  </action>
  <action id="EditorPreviousWord">
    <keyboard-shortcut first-keystroke="alt q" />
  </action>
  <action id="EditorRight">
    <keyboard-shortcut first-keystroke="right" />
    <keyboard-shortcut first-keystroke="alt l" />
  </action>
  <action id="EditorSelectWord" />
  <action id="EditorUp">
    <keyboard-shortcut first-keystroke="up" />
    <keyboard-shortcut first-keystroke="ctrl k" />
  </action>
  <action id="GotoTest" />
  <action id="Images.ShowThumbnails" />
  <action id="ImplementMethods" />
  <action id="InsertLiveTemplate" />
  <action id="MethodHierarchy.OverrideMethodAction">
    <keyboard-shortcut first-keystroke="shift ctrl o" />
  </action>
  <action id="OverrideMethods" />
  <action id="RebuildGradleProject">
    <keyboard-shortcut first-keystroke="shift f5" />
  </action>
  <action id="ReopenClosedTab">
    <keyboard-shortcut first-keystroke="ctrl alt q" />
    <keyboard-shortcut first-keystroke="shift ctrl t" />
  </action>
  <action id="Resume">
    <keyboard-shortcut first-keystroke="f9" />
    <keyboard-shortcut first-keystroke="ctrl f2" />
  </action>
  <action id="RunDashboard.ShowConfigurations" />
  <action id="SelectNextOccurrence" />
  <action id="ShowErrorDescription" />
  <action id="Stop" />
  <action id="SwitchApply">
    <keyboard-shortcut first-keystroke="shift alt enter" />
  </action>
  <action id="SwitchDown">
    <keyboard-shortcut first-keystroke="shift alt down" />
  </action>
  <action id="SwitchLeft">
    <keyboard-shortcut first-keystroke="shift alt left" />
  </action>
  <action id="SwitchRight">
    <keyboard-shortcut first-keystroke="shift alt right" />
  </action>
  <action id="SwitchUp">
    <keyboard-shortcut first-keystroke="shift alt up" />
  </action>
  <action id="UpdateRunningApplication" />
  <action id="VimMotionJumpNext">
    <keyboard-shortcut first-keystroke="ctrl i" />
  </action>
  <action id="VimMotionJumpPrevious">
    <keyboard-shortcut first-keystroke="ctrl o" />
  </action>
  <action id="VimPluginToggle">
    <keyboard-shortcut first-keystroke="ctrl semicolon" />
  </action>
  <action id="XDebugger.MuteBreakpoints">
    <keyboard-shortcut first-keystroke="ctrl f1" />
  </action>
  <action id="android.deploy.ApplyChanges">
    <keyboard-shortcut first-keystroke="ctrl f10" />
  </action>
  <action id="android.deploy.CodeSwap">
    <keyboard-shortcut first-keystroke="ctrl alt f10" />
  </action>
</keymap>